{
	"v": "5.5.1",
	"fr": 30,
	"ip": 0,
	"op": 16,
	"w": 1120,
	"h": 930,
	"nm": "Bounce",
	"ddd": 0,
	"assets": [
		{
			"id": "comp_0",
			"layers": [
				{
					"ddd": 0,
					"ind": 1,
					"ty": 4,
					"nm": "Romb_shadow",
					"sr": 1,
					"ks": {
						"o": { "a": 0, "k": 100, "ix": 11 },
						"r": { "a": 0, "k": 0, "ix": 10 },
						"p": {
							"a": 1,
							"k": [
								{
									"i": { "x": 0.833, "y": 0.833 },
									"o": { "x": 0.167, "y": 0.167 },
									"t": 0,
									"s": [562.688, 850.992, 0],
									"e": [562.688, 626.992, 0],
									"to": [0, -37.333, 0],
									"ti": [0, 0, 0]
								},
								{
									"i": { "x": 0.833, "y": 0.833 },
									"o": { "x": 0.167, "y": 0.167 },
									"t": 12,
									"s": [562.688, 626.992, 0],
									"e": [562.688, 850.992, 0],
									"to": [0, 0, 0],
									"ti": [0, -37.333, 0]
								},
								{ "t": 22 }
							],
							"ix": 2
						},
						"a": { "a": 0, "k": [0.188, -367.008, 0], "ix": 1 },
						"s": { "a": 0, "k": [100, 100, 100], "ix": 6 }
					},
					"ao": 0,
					"shapes": [
						{
							"ty": "gr",
							"it": [
								{
									"ind": 0,
									"ty": "sh",
									"ix": 1,
									"ks": {
										"a": 1,
										"k": [
											{
												"i": { "x": 0.667, "y": 1 },
												"o": { "x": 0.333, "y": 0 },
												"t": 0,
												"s": [
													{
														"i": [[0, 0], [0, 0], [0, 0], [0, 0]],
														"o": [[0, 0], [0, 0], [0, 0], [0, 0]],
														"v": [
															[-52.392, -367.008],
															[0.188, -271.228],
															[-52.232, -367.008],
															[0.188, -462.788]
														],
														"c": true
													}
												],
												"e": [
													{
														"i": [[0, 0], [0, 0], [0, 0], [0, 0]],
														"o": [[0, 0], [0, 0], [0, 0], [0, 0]],
														"v": [
															[52.608, -367.008],
															[0.188, -271.228],
															[-52.232, -367.008],
															[0.188, -462.788]
														],
														"c": true
													}
												]
											},
											{
												"i": { "x": 0.833, "y": 1 },
												"o": { "x": 0.167, "y": 0 },
												"t": 7,
												"s": [
													{
														"i": [[0, 0], [0, 0], [0, 0], [0, 0]],
														"o": [[0, 0], [0, 0], [0, 0], [0, 0]],
														"v": [
															[52.608, -367.008],
															[0.188, -271.228],
															[-52.232, -367.008],
															[0.188, -462.788]
														],
														"c": true
													}
												],
												"e": [
													{
														"i": [[0, 0], [0, 0], [0, 0], [0, 0]],
														"o": [[0, 0], [0, 0], [0, 0], [0, 0]],
														"v": [
															[52.608, -367.008],
															[0.188, -271.228],
															[51.768, -367.008],
															[0.188, -462.788]
														],
														"c": true
													}
												]
											},
											{ "t": 12 }
										],
										"ix": 2
									},
									"nm": "Path 1",
									"mn": "ADBE Vector Shape - Group",
									"hd": false
								},
								{
									"ty": "fl",
									"c": { "a": 0, "k": [0.745802696078, 0.358373754165, 0.146384325214, 1], "ix": 4 },
									"o": { "a": 0, "k": 100, "ix": 5 },
									"r": 1,
									"bm": 0,
									"nm": "Fill 1",
									"mn": "ADBE Vector Graphic - Fill",
									"hd": false
								},
								{
									"ty": "tr",
									"p": { "a": 0, "k": [0, 0], "ix": 2 },
									"a": { "a": 0, "k": [0, 0], "ix": 1 },
									"s": { "a": 0, "k": [100, 100], "ix": 3 },
									"r": { "a": 0, "k": 0, "ix": 6 },
									"o": { "a": 0, "k": 100, "ix": 7 },
									"sk": { "a": 0, "k": 0, "ix": 4 },
									"sa": { "a": 0, "k": 0, "ix": 5 },
									"nm": "Transform"
								}
							],
							"nm": "Group 1",
							"np": 2,
							"cix": 2,
							"bm": 0,
							"ix": 1,
							"mn": "ADBE Vector Group",
							"hd": false
						}
					],
					"ip": 0,
					"op": 23,
					"st": 0,
					"bm": 0
				},
				{
					"ddd": 0,
					"ind": 2,
					"ty": 4,
					"nm": "Romb",
					"sr": 1,
					"ks": {
						"o": { "a": 0, "k": 100, "ix": 11 },
						"r": { "a": 0, "k": 0, "ix": 10 },
						"p": {
							"a": 1,
							"k": [
								{
									"i": { "x": 0.833, "y": 0.833 },
									"o": { "x": 0.167, "y": 0.167 },
									"t": 0,
									"s": [562.688, 850.992, 0],
									"e": [562.688, 626.992, 0],
									"to": [0, -37.333, 0],
									"ti": [0, 0, 0]
								},
								{
									"i": { "x": 0.833, "y": 0.833 },
									"o": { "x": 0.167, "y": 0.167 },
									"t": 12,
									"s": [562.688, 626.992, 0],
									"e": [562.688, 850.992, 0],
									"to": [0, 0, 0],
									"ti": [0, -37.333, 0]
								},
								{ "t": 22 }
							],
							"ix": 2
						},
						"a": { "a": 0, "k": [0.188, -367.008, 0], "ix": 1 },
						"s": { "a": 0, "k": [100, 100, 100], "ix": 6 }
					},
					"ao": 0,
					"shapes": [
						{
							"ty": "gr",
							"it": [
								{
									"ind": 0,
									"ty": "sh",
									"ix": 1,
									"ks": {
										"a": 0,
										"k": {
											"i": [[0, 0], [0, 0], [0, 0], [0, 0], [0, 0], [0, 0]],
											"o": [[0, 0], [0, 0], [0, 0], [0, 0], [0, 0], [0, 0]],
											"v": [
												[52.608, -367.018],
												[52.608, -367.008],
												[52.598, -366.998],
												[0.188, -271.228],
												[-52.232, -367.008],
												[0.188, -462.788]
											],
											"c": true
										},
										"ix": 2
									},
									"nm": "Path 1",
									"mn": "ADBE Vector Shape - Group",
									"hd": false
								},
								{
									"ty": "st",
									"c": { "a": 0, "k": [0.960784375668, 0.517647087574, 0.121568635106, 1], "ix": 3 },
									"o": { "a": 0, "k": 100, "ix": 4 },
									"w": {
										"a": 1,
										"k": [
											{
												"i": { "x": [0.833], "y": [0.833] },
												"o": { "x": [0.167], "y": [0.167] },
												"t": 27,
												"s": [0],
												"e": [2]
											},
											{ "t": 30 }
										],
										"ix": 5
									},
									"lc": 1,
									"lj": 1,
									"ml": 4,
									"bm": 0,
									"nm": "Stroke 1",
									"mn": "ADBE Vector Graphic - Stroke",
									"hd": false
								},
								{
									"ty": "fl",
									"c": { "a": 0, "k": [0.960784316063, 0.517647087574, 0.121568627656, 1], "ix": 4 },
									"o": { "a": 0, "k": 100, "ix": 5 },
									"r": 1,
									"bm": 0,
									"nm": "Fill 1",
									"mn": "ADBE Vector Graphic - Fill",
									"hd": false
								},
								{
									"ty": "tr",
									"p": { "a": 0, "k": [0, 0], "ix": 2 },
									"a": { "a": 0, "k": [0, 0], "ix": 1 },
									"s": { "a": 0, "k": [100, 100], "ix": 3 },
									"r": { "a": 0, "k": 0, "ix": 6 },
									"o": { "a": 0, "k": 100, "ix": 7 },
									"sk": { "a": 0, "k": 0, "ix": 4 },
									"sa": { "a": 0, "k": 0, "ix": 5 },
									"nm": "Transform"
								}
							],
							"nm": "Group 1",
							"np": 3,
							"cix": 2,
							"bm": 0,
							"ix": 1,
							"mn": "ADBE Vector Group",
							"hd": false
						}
					],
					"ip": 0,
					"op": 23,
					"st": 0,
					"bm": 0
				}
			]
		}
	],
	"layers": [
		{
			"ddd": 0,
			"ind": 1,
			"ty": 0,
			"nm": "Bounce_no_easing",
			"refId": "comp_0",
			"sr": 1,
			"ks": {
				"o": { "a": 0, "k": 100, "ix": 11 },
				"r": { "a": 0, "k": 0, "ix": 10 },
				"p": { "a": 0, "k": [560, 733, 0], "ix": 2 },
				"a": { "a": 0, "k": [562.5, 1218, 0], "ix": 1 },
				"s": { "a": 0, "k": [100, 100, 100], "ix": 6 }
			},
			"ao": 0,
			"tm": {
				"a": 1,
				"k": [
					{ "i": { "x": [0], "y": [1] }, "o": { "x": [0.135], "y": [0] }, "t": 0, "s": [0], "e": [0.4] },
					{ "i": { "x": [0.928], "y": [1] }, "o": { "x": [1], "y": [0] }, "t": 8, "s": [0.4], "e": [0.733] },
					{
						"i": { "x": [0.858], "y": [1] },
						"o": { "x": [0.158], "y": [0] },
						"t": 16,
						"s": [0.733],
						"e": [0.733]
					},
					{
						"i": { "x": [0.833], "y": [0.833] },
						"o": { "x": [0.037], "y": [0] },
						"t": 102,
						"s": [0.733],
						"e": [10]
					},
					{ "t": 300 }
				],
				"ix": 2
			},
			"w": 1125,
			"h": 2436,
			"ip": 0,
			"op": 21,
			"st": 0,
			"bm": 0
		}
	],
	"markers": [{ "tm": 95, "cm": "1", "dr": 0 }]
}
