{
	"v": "5.5.1",
	"fr": 30,
	"ip": 0,
	"op": 50,
	"w": 1125,
	"h": 160,
	"nm": "wordmark 2",
	"ddd": 0,
	"assets": [],
	"layers": [
		{
			"ddd": 0,
			"ind": 1,
			"ty": 4,
			"nm": "Metamask",
			"sr": 1,
			"ks": {
				"o": { "a": 0, "k": 100, "ix": 11 },
				"r": { "a": 0, "k": 0, "ix": 10 },
				"p": {
					"a": 1,
					"k": [
						{
							"i": { "x": 0, "y": 1 },
							"o": { "x": 0, "y": 0 },
							"t": 11,
							"s": [562.5, 251.444, 0],
							"e": [562.5, 79.444, 0],
							"to": [0, -28.667, 0],
							"ti": [0, 28.667, 0]
						},
						{ "t": 31 }
					],
					"ix": 2
				},
				"a": { "a": 0, "k": [574.5, 1301.444, 0], "ix": 1 },
				"s": { "a": 0, "k": [100, 100, 100], "ix": 6 }
			},
			"ao": 0,
			"shapes": [
				{
					"ty": "gr",
					"it": [
						{
							"ty": "gr",
							"it": [
								{
									"ind": 0,
									"ty": "sh",
									"ix": 1,
									"ks": {
										"a": 0,
										"k": {
											"i": [
												[0.652, 0.652],
												[0, 0],
												[-0.326, 0.326],
												[0, 0],
												[0.326, 0],
												[0, 0],
												[0, -0.326],
												[0, 0],
												[0, 0.326],
												[0, 0],
												[0.326, 0],
												[0, 0],
												[0, -0.326],
												[0, 0],
												[-0.326, 0],
												[0, 0],
												[0, 0.326],
												[0, 0],
												[-0.326, -0.652],
												[0, 0],
												[0, 0],
												[0, 0]
											],
											"o": [
												[0, 0],
												[-0.326, -0.326],
												[0, 0],
												[0.326, -0.326],
												[0, 0],
												[-0.326, 0],
												[0, 0],
												[-0.326, 0.326],
												[0, 0],
												[0, -0.326],
												[0, 0],
												[-0.326, 0],
												[0, 0],
												[0, 0.326],
												[0, 0],
												[0.326, 0],
												[0, 0],
												[0, -0.652],
												[0, 0],
												[0, 0],
												[0, 0],
												[0.652, 0]
											],
											"v": [
												[521.144, 145.744],
												[459.171, 81.487],
												[459.171, 80.509],
												[514.947, 22.776],
												[514.621, 21.797],
												[491.789, 21.797],
												[491.462, 22.123],
												[444.167, 71.376],
												[443.189, 71.05],
												[443.189, 22.45],
												[442.536, 21.797],
												[424.597, 21.797],
												[423.944, 22.45],
												[423.944, 146.396],
												[424.597, 147.048],
												[442.536, 147.048],
												[443.189, 146.396],
												[443.189, 91.599],
												[444.167, 91.272],
												[497.66, 146.722],
												[497.986, 147.048],
												[520.818, 147.048]
											],
											"c": true
										},
										"ix": 2
									},
									"nm": "Path 1",
									"mn": "ADBE Vector Shape - Group",
									"hd": false
								},
								{
									"ty": "fl",
									"c": { "a": 0, "k": [0.137254908681, 0.121568627656, 0.1254902035, 1], "ix": 4 },
									"o": { "a": 0, "k": 100, "ix": 5 },
									"r": 1,
									"bm": 0,
									"nm": "Fill 1",
									"mn": "ADBE Vector Graphic - Fill",
									"hd": false
								},
								{
									"ty": "tr",
									"p": { "a": 0, "k": [0, 0], "ix": 2 },
									"a": { "a": 0, "k": [0, 0], "ix": 1 },
									"s": { "a": 0, "k": [100, 100], "ix": 3 },
									"r": { "a": 0, "k": 0, "ix": 6 },
									"o": { "a": 0, "k": 100, "ix": 7 },
									"sk": { "a": 0, "k": 0, "ix": 4 },
									"sa": { "a": 0, "k": 0, "ix": 5 },
									"nm": "Transform"
								}
							],
							"nm": "Group 1",
							"np": 2,
							"cix": 2,
							"bm": 0,
							"ix": 1,
							"mn": "ADBE Vector Group",
							"hd": false
						},
						{
							"ty": "tr",
							"p": { "a": 0, "k": [1035.222, 1302.423], "ix": 2 },
							"a": { "a": 0, "k": [472.722, 84.423], "ix": 1 },
							"s": { "a": 0, "k": [100, 100], "ix": 3 },
							"r": { "a": 0, "k": 0, "ix": 6 },
							"o": { "a": 0, "k": 100, "ix": 7 },
							"sk": { "a": 0, "k": 0, "ix": 4 },
							"sa": { "a": 0, "k": 0, "ix": 5 },
							"nm": "Transform"
						}
					],
					"nm": "Layer 8",
					"np": 1,
					"cix": 2,
					"bm": 0,
					"ix": 1,
					"mn": "ADBE Vector Group",
					"hd": false
				},
				{
					"ty": "gr",
					"it": [
						{
							"ty": "gr",
							"it": [
								{
									"ind": 0,
									"ty": "sh",
									"ix": 1,
									"ks": {
										"a": 0,
										"k": {
											"i": [
												[0, 0.326],
												[0, 0],
												[-0.326, 0],
												[0, 0],
												[0, 0.326],
												[0, 0],
												[0.326, 0],
												[0, 0],
												[0, 0.326],
												[0, 0],
												[-0.326, 0],
												[0, 0],
												[0, 0.326],
												[0, 0],
												[0.326, 0],
												[0, 0],
												[0, 0],
												[0, -0.326],
												[0, 0],
												[0, 0],
												[0, 0],
												[0, 0],
												[0, 0],
												[-0.326, 0],
												[0, 0],
												[0, 0],
												[0, 0.326],
												[0, 0],
												[0.326, 0],
												[0, 0]
											],
											"o": [
												[0, 0],
												[0, -0.326],
												[0, 0],
												[0.326, 0],
												[0, 0],
												[0, -0.326],
												[0, 0],
												[-0.326, 0],
												[0, 0],
												[0, -0.326],
												[0, 0],
												[0.326, 0],
												[0, 0],
												[0, -0.326],
												[0, 0],
												[0, 0],
												[-0.326, 0],
												[0, 0],
												[0, 0],
												[0, 0],
												[0, 0],
												[0, 0],
												[0, 0.326],
												[0, 0],
												[0, 0],
												[0.326, 0],
												[0, 0],
												[0, -0.326],
												[0, 0],
												[-0.326, 0.326]
											],
											"v": [
												[-337.022, 128.783],
												[-337.022, 90.294],
												[-336.37, 89.642],
												[-288.748, 89.642],
												[-288.096, 88.989],
												[-288.096, 73.659],
												[-288.748, 73.007],
												[-336.37, 73.007],
												[-337.022, 72.354],
												[-337.022, 39.084],
												[-336.37, 38.432],
												[-282.225, 38.432],
												[-281.572, 37.78],
												[-281.572, 22.45],
												[-282.225, 21.797],
												[-337.022, 21.797],
												[-355.614, 21.797],
												[-356.266, 22.45],
												[-356.266, 38.432],
												[-356.266, 72.68],
												[-356.266, 89.315],
												[-356.266, 129.109],
												[-356.266, 146.07],
												[-355.614, 146.722],
												[-337.022, 146.722],
												[-279.615, 146.722],
												[-278.963, 146.07],
												[-278.963, 129.761],
												[-279.615, 129.109],
												[-336.37, 129.109]
											],
											"c": true
										},
										"ix": 2
									},
									"nm": "Path 1",
									"mn": "ADBE Vector Shape - Group",
									"hd": false
								},
								{
									"ty": "fl",
									"c": { "a": 0, "k": [0.137254908681, 0.121568627656, 0.1254902035, 1], "ix": 4 },
									"o": { "a": 0, "k": 100, "ix": 5 },
									"r": 1,
									"bm": 0,
									"nm": "Fill 1",
									"mn": "ADBE Vector Graphic - Fill",
									"hd": false
								},
								{
									"ty": "tr",
									"p": { "a": 0, "k": [0, 0], "ix": 2 },
									"a": { "a": 0, "k": [0, 0], "ix": 1 },
									"s": { "a": 0, "k": [100, 100], "ix": 3 },
									"r": { "a": 0, "k": 0, "ix": 6 },
									"o": { "a": 0, "k": 100, "ix": 7 },
									"sk": { "a": 0, "k": 0, "ix": 4 },
									"sa": { "a": 0, "k": 0, "ix": 5 },
									"nm": "Transform"
								}
							],
							"nm": "Group 1",
							"np": 2,
							"cix": 2,
							"bm": 0,
							"ix": 1,
							"mn": "ADBE Vector Group",
							"hd": false
						},
						{
							"ty": "tr",
							"p": { "a": 0, "k": [244.885, 1302.26], "ix": 2 },
							"a": { "a": 0, "k": [-317.615, 84.26], "ix": 1 },
							"s": { "a": 0, "k": [100, 100], "ix": 3 },
							"r": { "a": 0, "k": 0, "ix": 6 },
							"o": { "a": 0, "k": 100, "ix": 7 },
							"sk": { "a": 0, "k": 0, "ix": 4 },
							"sa": { "a": 0, "k": 0, "ix": 5 },
							"nm": "Transform"
						}
					],
					"nm": "Layer 7",
					"np": 1,
					"cix": 2,
					"bm": 0,
					"ix": 2,
					"mn": "ADBE Vector Group",
					"hd": false
				},
				{
					"ty": "gr",
					"it": [
						{
							"ty": "gr",
							"it": [
								{
									"ind": 0,
									"ty": "sh",
									"ix": 1,
									"ks": {
										"a": 0,
										"k": {
											"i": [[0, 0.326], [0, 0], [-0.326, -0.652], [0, 0], [0.326, 0], [0, 0]],
											"o": [
												[0, 0],
												[0.326, -0.652],
												[0, 0],
												[0, 0.326],
												[0, 0],
												[-0.326, -0.326]
											],
											"v": [
												[192.686, 92.251],
												[205.733, 43.977],
												[207.038, 43.977],
												[220.085, 92.251],
												[219.433, 93.23],
												[193.339, 93.23]
											],
											"c": true
										},
										"ix": 2
									},
									"nm": "Path 1",
									"mn": "ADBE Vector Shape - Group",
									"hd": false
								},
								{
									"ind": 1,
									"ty": "sh",
									"ix": 2,
									"ks": {
										"a": 0,
										"k": {
											"i": [
												[-0.326, 0],
												[0, 0],
												[0, 0.652],
												[0, 0],
												[0.326, 0],
												[0, 0],
												[0, 0],
												[0, 0],
												[0, 0],
												[0, 0],
												[-0.326, 0],
												[0, 0],
												[0, 0],
												[0, 0],
												[-0.326, 0],
												[0, 0],
												[0, 0],
												[0, 0]
											],
											"o": [
												[0, 0],
												[0.326, 0],
												[0, 0],
												[0, -0.326],
												[0, 0],
												[0, 0],
												[0, 0],
												[-0.326, 0],
												[0, 0],
												[0, 0.326],
												[0, 0],
												[0.326, 0],
												[0, 0],
												[0, -0.326],
												[0, 0],
												[0.326, 0],
												[0, 0],
												[0, 0]
											],
											"v": [
												[235.741, 147.048],
												[252.05, 147.048],
												[252.702, 146.07],
												[218.78, 21.797],
												[218.128, 21.471],
												[211.931, 21.471],
												[200.841, 21.471],
												[194.643, 21.471],
												[193.991, 21.797],
												[160.395, 146.07],
												[161.047, 147.048],
												[177.356, 147.048],
												[178.008, 146.722],
												[187.794, 110.517],
												[188.446, 110.191],
												[224.651, 110.191],
												[225.304, 110.517],
												[235.089, 146.722]
											],
											"c": true
										},
										"ix": 2
									},
									"nm": "Path 2",
									"mn": "ADBE Vector Shape - Group",
									"hd": false
								},
								{
									"ty": "fl",
									"c": { "a": 0, "k": [0.137254908681, 0.121568627656, 0.1254902035, 1], "ix": 4 },
									"o": { "a": 0, "k": 100, "ix": 5 },
									"r": 1,
									"bm": 0,
									"nm": "Fill 1",
									"mn": "ADBE Vector Graphic - Fill",
									"hd": false
								},
								{
									"ty": "tr",
									"p": { "a": 0, "k": [0, 0], "ix": 2 },
									"a": { "a": 0, "k": [0, 0], "ix": 1 },
									"s": { "a": 0, "k": [100, 100], "ix": 3 },
									"r": { "a": 0, "k": 0, "ix": 6 },
									"o": { "a": 0, "k": 100, "ix": 7 },
									"sk": { "a": 0, "k": 0, "ix": 4 },
									"sa": { "a": 0, "k": 0, "ix": 5 },
									"nm": "Transform"
								}
							],
							"nm": "Group 1",
							"np": 3,
							"cix": 2,
							"bm": 0,
							"ix": 1,
							"mn": "ADBE Vector Group",
							"hd": false
						},
						{
							"ty": "tr",
							"p": { "a": 0, "k": [769.049, 1302.26], "ix": 2 },
							"a": { "a": 0, "k": [206.549, 84.26], "ix": 1 },
							"s": { "a": 0, "k": [100, 100], "ix": 3 },
							"r": { "a": 0, "k": 0, "ix": 6 },
							"o": { "a": 0, "k": 100, "ix": 7 },
							"sk": { "a": 0, "k": 0, "ix": 4 },
							"sa": { "a": 0, "k": 0, "ix": 5 },
							"nm": "Transform"
						}
					],
					"nm": "Layer 6",
					"np": 1,
					"cix": 2,
					"bm": 0,
					"ix": 3,
					"mn": "ADBE Vector Group",
					"hd": false
				},
				{
					"ty": "gr",
					"it": [
						{
							"ty": "gr",
							"it": [
								{
									"ind": 0,
									"ty": "sh",
									"ix": 1,
									"ks": {
										"a": 0,
										"k": {
											"i": [[0, 0.326], [0, 0], [-0.326, -0.652], [0, 0], [0.326, 0], [0, 0]],
											"o": [
												[0, 0],
												[0.326, -0.652],
												[0, 0],
												[0, 0.326],
												[0, 0],
												[-0.326, -0.326]
											],
											"v": [
												[-85.541, 92.251],
												[-72.494, 43.977],
												[-71.189, 43.977],
												[-58.142, 92.251],
												[-58.795, 93.23],
												[-84.889, 93.23]
											],
											"c": true
										},
										"ix": 2
									},
									"nm": "Path 1",
									"mn": "ADBE Vector Shape - Group",
									"hd": false
								},
								{
									"ind": 1,
									"ty": "sh",
									"ix": 2,
									"ks": {
										"a": 0,
										"k": {
											"i": [
												[-0.326, 0],
												[0, 0],
												[0, 0.652],
												[0, 0],
												[0.326, 0],
												[0, 0],
												[0, 0],
												[0, 0],
												[0, 0],
												[0, 0],
												[-0.326, 0],
												[0, 0],
												[0, 0],
												[0, 0],
												[-0.326, 0],
												[0, 0],
												[0, 0],
												[0, 0]
											],
											"o": [
												[0, 0],
												[0.326, 0],
												[0, 0],
												[0, -0.326],
												[0, 0],
												[0, 0],
												[0, 0],
												[-0.326, 0],
												[0, 0],
												[0, 0.326],
												[0, 0],
												[0.326, 0],
												[0, 0],
												[0, -0.326],
												[0, 0],
												[0.326, 0],
												[0, 0],
												[-0.326, 0]
											],
											"v": [
												[-42.486, 147.048],
												[-26.177, 147.048],
												[-25.525, 146.07],
												[-59.447, 21.797],
												[-60.099, 21.471],
												[-66.297, 21.471],
												[-77.387, 21.471],
												[-83.258, 21.471],
												[-83.91, 21.797],
												[-117.506, 146.07],
												[-116.854, 147.048],
												[-100.545, 147.048],
												[-99.893, 146.722],
												[-90.107, 110.517],
												[-89.455, 110.191],
												[-53.25, 110.191],
												[-52.597, 110.517],
												[-42.812, 146.722]
											],
											"c": true
										},
										"ix": 2
									},
									"nm": "Path 2",
									"mn": "ADBE Vector Shape - Group",
									"hd": false
								},
								{
									"ty": "fl",
									"c": { "a": 0, "k": [0.137254908681, 0.121568627656, 0.1254902035, 1], "ix": 4 },
									"o": { "a": 0, "k": 100, "ix": 5 },
									"r": 1,
									"bm": 0,
									"nm": "Fill 1",
									"mn": "ADBE Vector Graphic - Fill",
									"hd": false
								},
								{
									"ty": "tr",
									"p": { "a": 0, "k": [0, 0], "ix": 2 },
									"a": { "a": 0, "k": [0, 0], "ix": 1 },
									"s": { "a": 0, "k": [100, 100], "ix": 3 },
									"r": { "a": 0, "k": 0, "ix": 6 },
									"o": { "a": 0, "k": 100, "ix": 7 },
									"sk": { "a": 0, "k": 0, "ix": 4 },
									"sa": { "a": 0, "k": 0, "ix": 5 },
									"nm": "Transform"
								}
							],
							"nm": "Group 1",
							"np": 3,
							"cix": 2,
							"bm": 0,
							"ix": 1,
							"mn": "ADBE Vector Group",
							"hd": false
						},
						{
							"ty": "tr",
							"p": { "a": 0, "k": [490.984, 1302.26], "ix": 2 },
							"a": { "a": 0, "k": [-71.515, 84.26], "ix": 1 },
							"s": { "a": 0, "k": [100, 100], "ix": 3 },
							"r": { "a": 0, "k": 0, "ix": 6 },
							"o": { "a": 0, "k": 100, "ix": 7 },
							"sk": { "a": 0, "k": 0, "ix": 4 },
							"sa": { "a": 0, "k": 0, "ix": 5 },
							"nm": "Transform"
						}
					],
					"nm": "Layer 5",
					"np": 1,
					"cix": 2,
					"bm": 0,
					"ix": 4,
					"mn": "ADBE Vector Group",
					"hd": false
				},
				{
					"ty": "gr",
					"it": [
						{
							"ty": "gr",
							"it": [
								{
									"ind": 0,
									"ty": "sh",
									"ix": 1,
									"ks": {
										"a": 0,
										"k": {
											"i": [
												[0.326, 0],
												[0, 0],
												[0, 0],
												[0, 0],
												[0, -0.326],
												[0, 0],
												[-0.326, 0],
												[0, 0],
												[0, 0],
												[-0.326, 0],
												[0, 0],
												[0, 0.326],
												[0, 0],
												[0, 0],
												[0, 0.326],
												[0, 0]
											],
											"o": [
												[0, 0],
												[0, 0],
												[0, 0],
												[-0.326, 0],
												[0, 0],
												[0, 0.326],
												[0, 0],
												[0, 0],
												[0, 0.326],
												[0, 0],
												[0.326, 0],
												[0, 0],
												[0, 0],
												[0.326, 0],
												[0, 0],
												[0.326, -0.326]
											],
											"v": [
												[-148.167, 21.797],
												[-181.763, 21.797],
												[-199.702, 21.797],
												[-232.972, 21.797],
												[-233.624, 22.45],
												[-233.624, 37.78],
												[-232.972, 38.432],
												[-200.355, 38.432],
												[-200.355, 146.07],
												[-199.702, 146.722],
												[-181.763, 146.722],
												[-181.11, 146.07],
												[-181.11, 38.432],
												[-148.493, 38.432],
												[-147.84, 37.78],
												[-147.84, 22.45]
											],
											"c": true
										},
										"ix": 2
									},
									"nm": "Path 1",
									"mn": "ADBE Vector Shape - Group",
									"hd": false
								},
								{
									"ty": "fl",
									"c": { "a": 0, "k": [0.137254908681, 0.121568627656, 0.1254902035, 1], "ix": 4 },
									"o": { "a": 0, "k": 100, "ix": 5 },
									"r": 1,
									"bm": 0,
									"nm": "Fill 1",
									"mn": "ADBE Vector Graphic - Fill",
									"hd": false
								},
								{
									"ty": "tr",
									"p": { "a": 0, "k": [0, 0], "ix": 2 },
									"a": { "a": 0, "k": [0, 0], "ix": 1 },
									"s": { "a": 0, "k": [100, 100], "ix": 3 },
									"r": { "a": 0, "k": 0, "ix": 6 },
									"o": { "a": 0, "k": 100, "ix": 7 },
									"sk": { "a": 0, "k": 0, "ix": 4 },
									"sa": { "a": 0, "k": 0, "ix": 5 },
									"nm": "Transform"
								}
							],
							"nm": "Group 1",
							"np": 2,
							"cix": 2,
							"bm": 0,
							"ix": 1,
							"mn": "ADBE Vector Group",
							"hd": false
						},
						{
							"ty": "tr",
							"p": { "a": 0, "k": [371.835, 1302.26], "ix": 2 },
							"a": { "a": 0, "k": [-190.665, 84.26], "ix": 1 },
							"s": { "a": 0, "k": [100, 100], "ix": 3 },
							"r": { "a": 0, "k": 0, "ix": 6 },
							"o": { "a": 0, "k": 100, "ix": 7 },
							"sk": { "a": 0, "k": 0, "ix": 4 },
							"sa": { "a": 0, "k": 0, "ix": 5 },
							"nm": "Transform"
						}
					],
					"nm": "Layer 4",
					"np": 1,
					"cix": 2,
					"bm": 0,
					"ix": 5,
					"mn": "ADBE Vector Group",
					"hd": false
				},
				{
					"ty": "gr",
					"it": [
						{
							"ty": "gr",
							"it": [
								{
									"ind": 0,
									"ty": "sh",
									"ix": 1,
									"ks": {
										"a": 0,
										"k": {
											"i": [
												[0, 0],
												[0, 0],
												[0, 0],
												[0.326, 0.652],
												[0, 0],
												[0.326, 0],
												[0, 0],
												[0, -0.326],
												[0, 0],
												[-0.326, 0],
												[0, 0],
												[0, 0.326],
												[0, 0],
												[-0.326, -0.652],
												[0, 0],
												[0, 0],
												[-0.326, 0],
												[0, 0],
												[0, 0],
												[0, 0],
												[0, 0],
												[0, -0.979],
												[0, 0],
												[-0.326, 0],
												[0, 0],
												[0, 0.326],
												[0, 0],
												[0.326, 0]
											],
											"o": [
												[-0.326, 0],
												[0, 0],
												[-0.326, 0.652],
												[0, 0],
												[0, -0.326],
												[0, 0],
												[-0.326, 0],
												[0, 0],
												[0, 0.326],
												[0, 0],
												[0.326, 0],
												[0, 0],
												[0, -0.652],
												[0, 0],
												[0, 0],
												[0, 0.326],
												[0, 0],
												[0.326, 0],
												[0, 0],
												[0, 0],
												[0.326, -0.652],
												[0, 0],
												[0, 0.326],
												[0, 0],
												[0.326, 0],
												[0, 0],
												[0, -0.326],
												[0, 0]
											],
											"v": [
												[82.765, 21.797],
												[82.113, 22.123],
												[67.435, 70.723],
												[66.13, 70.723],
												[51.452, 22.123],
												[50.8, 21.797],
												[23.401, 21.797],
												[22.749, 22.45],
												[22.749, 146.396],
												[23.401, 147.048],
												[41.341, 147.048],
												[41.993, 146.396],
												[41.993, 52.131],
												[43.298, 51.805],
												[58.302, 100.732],
												[59.281, 103.993],
												[59.933, 104.319],
												[73.632, 104.319],
												[74.285, 103.993],
												[75.263, 100.732],
												[90.267, 51.805],
												[91.572, 52.131],
												[91.572, 146.396],
												[92.224, 147.048],
												[110.164, 147.048],
												[110.816, 146.396],
												[110.816, 22.45],
												[110.164, 21.797]
											],
											"c": true
										},
										"ix": 2
									},
									"nm": "Path 1",
									"mn": "ADBE Vector Shape - Group",
									"hd": false
								},
								{
									"ty": "fl",
									"c": { "a": 0, "k": [0.137254908681, 0.121568627656, 0.1254902035, 1], "ix": 4 },
									"o": { "a": 0, "k": 100, "ix": 5 },
									"r": 1,
									"bm": 0,
									"nm": "Fill 1",
									"mn": "ADBE Vector Graphic - Fill",
									"hd": false
								},
								{
									"ty": "tr",
									"p": { "a": 0, "k": [0, 0], "ix": 2 },
									"a": { "a": 0, "k": [0, 0], "ix": 1 },
									"s": { "a": 0, "k": [100, 100], "ix": 3 },
									"r": { "a": 0, "k": 0, "ix": 6 },
									"o": { "a": 0, "k": 100, "ix": 7 },
									"sk": { "a": 0, "k": 0, "ix": 4 },
									"sa": { "a": 0, "k": 0, "ix": 5 },
									"nm": "Transform"
								}
							],
							"nm": "Group 1",
							"np": 2,
							"cix": 2,
							"bm": 0,
							"ix": 1,
							"mn": "ADBE Vector Group",
							"hd": false
						},
						{
							"ty": "tr",
							"p": { "a": 0, "k": [629.283, 1302.423], "ix": 2 },
							"a": { "a": 0, "k": [66.783, 84.423], "ix": 1 },
							"s": { "a": 0, "k": [100, 100], "ix": 3 },
							"r": { "a": 0, "k": 0, "ix": 6 },
							"o": { "a": 0, "k": 100, "ix": 7 },
							"sk": { "a": 0, "k": 0, "ix": 4 },
							"sa": { "a": 0, "k": 0, "ix": 5 },
							"nm": "Transform"
						}
					],
					"nm": "Layer 3",
					"np": 1,
					"cix": 2,
					"bm": 0,
					"ix": 6,
					"mn": "ADBE Vector Group",
					"hd": false
				},
				{
					"ty": "gr",
					"it": [
						{
							"ty": "gr",
							"it": [
								{
									"ind": 0,
									"ty": "sh",
									"ix": 1,
									"ks": {
										"a": 0,
										"k": {
											"i": [
												[0, 0],
												[0, 0],
												[0, 0],
												[0, 0],
												[0, 0],
												[0.326, 0.652],
												[0, 0],
												[0.326, 0],
												[0, 0],
												[0, 0],
												[0, 0],
												[0, -0.326],
												[0, 0],
												[-0.326, 0],
												[0, 0],
												[0, 0.326],
												[0, 0],
												[-0.326, -0.652],
												[0, 0],
												[0, 0],
												[-0.326, 0],
												[0, 0],
												[0, 0],
												[0, 0],
												[0, 0],
												[0, -0.652],
												[0, 0],
												[-0.326, 0],
												[0, 0],
												[0, 0.326],
												[0, 0],
												[0.326, 0]
											],
											"o": [
												[0, 0],
												[0, 0],
												[-0.326, 0],
												[0, 0],
												[-0.326, 0.652],
												[0, 0],
												[0, -0.326],
												[0, 0],
												[0, 0],
												[0, 0],
												[-0.326, 0],
												[0, 0],
												[0, 0.326],
												[0, 0],
												[0.326, 0],
												[0, 0],
												[0, -0.652],
												[0, 0],
												[0, 0],
												[0, 0.326],
												[0, 0],
												[0.326, 0],
												[0, 0],
												[0, 0],
												[0, -0.652],
												[0, 0],
												[0, 0.326],
												[0, 0],
												[0.326, 0],
												[0, 0],
												[0, -0.326],
												[0, 0]
											],
											"v": [
												[-420.849, 21.797],
												[-429.003, 21.797],
												[-437.81, 21.797],
												[-438.462, 22.123],
												[-453.14, 70.723],
												[-454.445, 70.723],
												[-468.797, 22.123],
												[-469.449, 21.797],
												[-478.256, 21.797],
												[-486.084, 21.797],
												[-496.848, 21.797],
												[-497.5, 22.45],
												[-497.5, 146.396],
												[-496.848, 147.048],
												[-478.908, 147.048],
												[-478.256, 146.396],
												[-478.256, 52.131],
												[-476.951, 51.805],
												[-461.947, 100.732],
												[-460.968, 103.993],
												[-460.316, 104.319],
												[-446.617, 104.319],
												[-445.964, 103.993],
												[-444.986, 100.732],
												[-429.982, 51.805],
												[-429.003, 52.131],
												[-429.003, 146.396],
												[-428.351, 147.048],
												[-410.411, 147.048],
												[-409.759, 146.396],
												[-409.759, 22.45],
												[-410.411, 21.797]
											],
											"c": true
										},
										"ix": 2
									},
									"nm": "Path 1",
									"mn": "ADBE Vector Shape - Group",
									"hd": false
								},
								{
									"ty": "fl",
									"c": { "a": 0, "k": [0.137254908681, 0.121568627656, 0.1254902035, 1], "ix": 4 },
									"o": { "a": 0, "k": 100, "ix": 5 },
									"r": 1,
									"bm": 0,
									"nm": "Fill 1",
									"mn": "ADBE Vector Graphic - Fill",
									"hd": false
								},
								{
									"ty": "tr",
									"p": { "a": 0, "k": [0, 0], "ix": 2 },
									"a": { "a": 0, "k": [0, 0], "ix": 1 },
									"s": { "a": 0, "k": [100, 100], "ix": 3 },
									"r": { "a": 0, "k": 0, "ix": 6 },
									"o": { "a": 0, "k": 100, "ix": 7 },
									"sk": { "a": 0, "k": 0, "ix": 4 },
									"sa": { "a": 0, "k": 0, "ix": 5 },
									"nm": "Transform"
								}
							],
							"nm": "Group 1",
							"np": 2,
							"cix": 2,
							"bm": 0,
							"ix": 1,
							"mn": "ADBE Vector Group",
							"hd": false
						},
						{
							"ty": "tr",
							"p": { "a": 0, "k": [108.871, 1302.423], "ix": 2 },
							"a": { "a": 0, "k": [-453.629, 84.423], "ix": 1 },
							"s": { "a": 0, "k": [100, 100], "ix": 3 },
							"r": { "a": 0, "k": 0, "ix": 6 },
							"o": { "a": 0, "k": 100, "ix": 7 },
							"sk": { "a": 0, "k": 0, "ix": 4 },
							"sa": { "a": 0, "k": 0, "ix": 5 },
							"nm": "Transform"
						}
					],
					"nm": "Layer 2",
					"np": 1,
					"cix": 2,
					"bm": 0,
					"ix": 7,
					"mn": "ADBE Vector Group",
					"hd": false
				},
				{
					"ty": "gr",
					"it": [
						{
							"ty": "gr",
							"it": [
								{
									"ind": 0,
									"ty": "sh",
									"ix": 1,
									"ks": {
										"a": 0,
										"k": {
											"i": [
												[12.721, 8.154],
												[7.828, 4.24],
												[4.24, 3.588],
												[-7.828, 5.219],
												[-1.957, -15.004],
												[-0.326, 0],
												[0, 0],
												[0, 0.326],
												[7.176, 5.545],
												[8.481, 0],
												[-23.485, -14.678],
												[-8.154, -4.893],
												[3.588, -7.176],
												[8.154, 0.326],
												[2.283, 7.828],
												[0, 1.305],
												[0.326, 0],
												[0, 0],
												[0, -0.326],
												[-8.807, -6.523],
												[-9.459, 0],
												[-2.609, 14.352]
											],
											"o": [
												[-7.176, -4.893],
												[-4.893, -2.609],
												[-7.176, -5.871],
												[11.09, -7.176],
												[0, 0.326],
												[0, 0],
												[0.326, 0],
												[-0.978, -10.438],
												[-6.85, -5.219],
												[-43.707, 0],
												[2.609, 1.631],
												[8.154, 5.219],
												[-3.262, 6.85],
												[-9.133, -0.326],
												[-0.326, -1.305],
												[0, -0.326],
												[0, 0],
												[-0.326, 0],
												[0, 13.047],
												[8.154, 6.197],
												[24.463, 0],
												[1.957, -13.699]
											],
											"v": [
												[357.405, 84.749],
												[334.246, 72.028],
												[319.895, 63.221],
												[321.852, 40.063],
												[352.838, 51.805],
												[353.491, 52.458],
												[370.126, 52.458],
												[370.778, 51.805],
												[358.709, 27.342],
												[335.225, 19.188],
												[311.088, 80.183],
												[345.01, 98.448],
												[352.186, 119.976],
												[332.289, 130.74],
												[313.697, 117.366],
												[313.045, 112.148],
												[312.393, 111.495],
												[294.453, 111.495],
												[293.801, 112.148],
												[305.869, 138.894],
												[332.615, 147.701],
												[372.409, 119.324]
											],
											"c": true
										},
										"ix": 2
									},
									"nm": "Path 1",
									"mn": "ADBE Vector Shape - Group",
									"hd": false
								},
								{
									"ty": "fl",
									"c": { "a": 0, "k": [0.137254908681, 0.121568627656, 0.1254902035, 1], "ix": 4 },
									"o": { "a": 0, "k": 100, "ix": 5 },
									"r": 1,
									"bm": 0,
									"nm": "Fill 1",
									"mn": "ADBE Vector Graphic - Fill",
									"hd": false
								},
								{
									"ty": "tr",
									"p": { "a": 0, "k": [0, 0], "ix": 2 },
									"a": { "a": 0, "k": [0, 0], "ix": 1 },
									"s": { "a": 0, "k": [100, 100], "ix": 3 },
									"r": { "a": 0, "k": 0, "ix": 6 },
									"o": { "a": 0, "k": 100, "ix": 7 },
									"sk": { "a": 0, "k": 0, "ix": 4 },
									"sa": { "a": 0, "k": 0, "ix": 5 },
									"nm": "Transform"
								}
							],
							"nm": "Group 1",
							"np": 2,
							"cix": 2,
							"bm": 0,
							"ix": 1,
							"mn": "ADBE Vector Group",
							"hd": false
						},
						{
							"ty": "tr",
							"p": { "a": 0, "k": [895.832, 1301.444], "ix": 2 },
							"a": { "a": 0, "k": [333.332, 83.444], "ix": 1 },
							"s": { "a": 0, "k": [100, 100], "ix": 3 },
							"r": { "a": 0, "k": 0, "ix": 6 },
							"o": { "a": 0, "k": 100, "ix": 7 },
							"sk": { "a": 0, "k": 0, "ix": 4 },
							"sa": { "a": 0, "k": 0, "ix": 5 },
							"nm": "Transform"
						}
					],
					"nm": "Layer 1",
					"np": 1,
					"cix": 2,
					"bm": 0,
					"ix": 8,
					"mn": "ADBE Vector Group",
					"hd": false
				}
			],
			"ip": 0,
			"op": 90,
			"st": 0,
			"bm": 0
		}
	],
	"markers": [{ "tm": 95, "cm": "1", "dr": 0 }]
}
